,0
50_50,object
ball_receipt_outcome,object
ball_recovery_offensive,object
ball_recovery_recovery_failure,object
block_deflection,object
block_offensive,object
carry_end_location,object
clearance_aerial_won,object
clearance_body_part,object
clearance_head,object
clearance_left_foot,object
clearance_right_foot,object
counterpress,object
dribble_outcome,object
dribble_overrun,object
duel_outcome,object
duel_type,object
duration,float64
foul_committed_advantage,object
foul_committed_card,object
foul_committed_type,object
foul_won_advantage,object
foul_won_defensive,object
goalkeeper_body_part,object
goalkeeper_end_location,object
goalkeeper_outcome,object
goalkeeper_position,object
goalkeeper_technique,object
goalkeeper_type,object
id,object
index,int64
interception_outcome,object
location,object
match_id,int64
minute,int64
miscontrol_aerial_won,object
off_camera,object
out,object
pass_aerial_won,object
pass_angle,float64
pass_assisted_shot_id,object
pass_body_part,object
pass_cross,object
pass_cut_back,object
pass_deflected,object
pass_end_location,object
pass_goal_assist,object
pass_height,object
pass_inswinging,object
pass_length,float64
pass_outcome,object
pass_outswinging,object
pass_recipient,object
pass_recipient_id,float64
pass_shot_assist,object
pass_switch,object
pass_technique,object
pass_through_ball,object
pass_type,object
period,int64
play_pattern,object
player,object
player_id,float64
position,object
possession,int64
possession_team,object
possession_team_id,int64
related_events,object
second,int64
shot_aerial_won,object
shot_body_part,object
shot_end_location,object
shot_first_time,object
shot_freeze_frame,object
shot_key_pass_id,object
shot_one_on_one,object
shot_outcome,object
shot_statsbomb_xg,float64
shot_technique,object
shot_type,object
substitution_outcome,object
substitution_outcome_id,float64
substitution_replacement,object
substitution_replacement_id,float64
tactics,object
team,object
team_id,int64
timestamp,object
type,object
under_pressure,object
block_save_block,object
foul_committed_offensive,object
foul_committed_penalty,object
foul_won_penalty,object
goalkeeper_punched_out,object
injury_stoppage_in_chain,object
pass_miscommunication,object
pass_no_touch,object
pass_straight,object
dribble_nutmeg,object
shot_deflected,object
shot_redirect,object
bad_behaviour_card,object
clearance_other,object
shot_open_goal,object
goalkeeper_shot_saved_off_target,object
goalkeeper_shot_saved_to_post,object
shot_saved_off_target,object
shot_saved_to_post,object
goalkeeper_lost_in_play,object
goalkeeper_success_in_play,object
dribble_no_touch,object
goalkeeper_penalty_saved_to_post,object
shot_follows_dribble,object
player_off_permanent,object
num_rivals_nearby,float64
num_teammates_nearby,float64
rivals_positions,object
teammates_positions,object
distance_to_attacking_goal,float64
distance_to_defending_goal,float64
x,float64
y,float64
pass_end_location_x,float64
pass_end_location_y,float64
continuous_timestamp,float64
control_quality,float64
